{
  "$schema": "https://seventh-horizon.dev/schemas/theme-tokens.schema.json",
  "version": "1.3.1",
  "brand": "DreamB",
  "meta": {
    "generatedAt": "2025-10-19T00:00:00.000Z",
    "notes": "Cycle-3 baseline tokens; HSLA-friendly; symbolic z-index names."
  },
  "colors": {
    "background": "#0b0c12",
    "surface": "#13151b",
    "text": "#ffffff",
    "border": "rgba(255,255,255,0.08)",
    "focusRingHSL": [
      210,
      100,
      56
    ],
    "ambient": {
      "cyan": [
        50,
        242,
        254
      ],
      "violet": [
        127,
        111,
        233
      ],
      "magenta": [
        161,
        49,
        197
      ],
      "navy": [
        26,
        22,
        53
      ]
    }
  },
  "radii": {
    "default": 8
  },
  "shadow": {
    "elev1": "0 8px 24px rgba(0,0,0,0.35)",
    "elev2": "0 12px 32px rgba(0,0,0,0.40)"
  },
  "zIndex": {
    "observatory": 0,
    "rose": 5,
    "veil": 10,
    "surface": 20,
    "header": 100,
    "toast": 200,
    "modal": 300,
    "tooltip": 400
  }
}
