{
  "$schema": "https://seventh-horizon.dev/schemas/theme-tokens.schema.json",
  "name": "DreamB / Daylight",
  "version": "1.3.2",
  "colors": {
    "brand.violet.rgb": "155, 135, 245",
    "brand.cyan.rgb": "102, 255, 245",
    "brand.magenta.rgb": "255, 102, 204",
    "brand.navy.rgb": "12, 18, 40",

    "focus.rose1.hsl": "330, 85%, 65%",
    "focus.rose2.hsl": "340, 80%, 72%",

    "background": "#0B0E14",
    "text": "#E6EDF3",
    "accent": "#9B87F5"
  },
  "motion": {
    "enabled": true,
    "signal.hue": 278,
    "resonance": 0.18,
    "durations": {
      "fast": 120,
      "base": 200,
      "slow": 320
    }
  }
}
